ID,Label
641210448449110016,anger
641212449102823424,anger
641729608585342976,anger
641729629200343040,anger
641731011215101952,anger
642112958286295044,anger
642123641392623616,anger
643396528908959744,anger
643941996709588992,anger
643942550970105856,anger
643943960860209152,anger
644485983262609408,anger
644975741352841217,anger
644976621728849920,anger
644976666947620864,anger
644977713460043776,anger
645347197656035328,anger
645347270423019520,anger
645347352631382016,anger
645347358692085760,anger
645347412643594240,anger
645347568801583104,anger
647856853523677184,anger
648262513440649216,anger
648264630758866944,anger
648264635653623809,anger
648264644847513600,anger
649167798971711488,anger
649351057433169924,anger
649352292425043969,anger
650546137422778368,anger
650598969404452864,anger
650599015810265088,anger
650599235440746496,anger
650599805308280832,anger
650599818281152513,anger
650599935247806464,anger
650600918132609025,anger
651110838733025281,anger
651111434265456640,anger
651505515277627392,anger
651506503854202880,anger
651825359781011457,anger
651825683262533632,anger
652805530512134148,anger
652806581885763584,anger
652815127822102528,anger
652815377509023744,anger
654816797921677312,anger
654816797930057730,anger
654816842423234560,anger
654816867953958914,anger
654818146201677824,anger
654818146411384832,anger
654818935229972480,anger
654823478084808704,anger
655777179431780352,anger
655777217784451072,anger
657192135951785984,anger
657193329059364864,anger
657193443580596224,anger
657195431655559169,anger
657197223160258560,anger
657309957310783488,anger
657311024815673344,anger
658760945364267008,anger
658760945976635392,anger
658766566197215232,anger
659060022148730880,anger
660280498007076864,anger
660786322349666304,anger
660891779764502528,anger
660892154244526080,anger
660892386541875200,anger
660896313333039108,anger
660896973973757952,anger
660902838986547200,anger
660924953487925249,anger
660925592653725700,anger
660925961861509125,anger
660928857134997504,anger
660930981302542336,anger
661602435211911168,anger
661792647871381504,anger
661792659695120384,anger
661792918563368960,anger
661793721902592000,anger
661905182838693889,anger
662187110309437440,anger
662189817049055232,anger
662276678358552576,anger
662366736088477696,anger
664935234190901248,anger
665515595283210240,anger
665515607819988992,anger
665518263791656961,anger
665652540206354432,anger
665660107116691458,anger
666664183128264704,anger
666666319471857664,anger
666666336597254144,anger
666668685667475456,anger
666668687437512705,anger
666668688595111936,anger
666668690507722752,anger
666668692600700930,anger
666671854762008576,anger
666679270962552832,anger
666679275635007489,anger
666683221149483008,anger
666683234651123712,anger
666695257795469312,anger
666695268851691520,anger
666938095728779264,anger
666938144298807297,anger
666938144315543552,anger
666938727067983872,anger
666939650632785924,anger
666939667477102592,anger
666939668257243136,anger
666951182234083328,anger
666962554208563202,anger
667100819481866240,anger
667113981946028036,anger
667113981946028036,anger
667397060447072256,anger
667397576388407297,anger
667858871562706944,anger
667859417849864192,anger
668188910724341760,anger
668218338884063232,anger
668218516777078784,anger
668219192206848000,anger
668220390783778817,anger
668220521604083712,anger
668226519643373570,anger
668227079582965760,anger
668235636147675137,anger
668459331344560129,anger
668459369823133696,anger
668459387426578433,anger
668460149472907265,anger
668461768889507840,anger
668463811414855682,anger
668468763713474560,anger
668477302242738181,anger
668482024144035841,anger
668511837353336837,anger
669229281428553729,anger
669319130739294208,anger
669320589929275393,anger
669326241221189632,anger
669328533823602689,anger
669328556040785920,anger
669490801819426817,anger
669492107808215042,anger
669495779275497472,anger
669498097471528960,anger
669500048053559296,anger
672082331017093120,anger
672084393012391936,anger
672088763263242240,anger
672090709227368448,anger
673637749812035584,anger
673730078761684992,anger
673853326673448960,anger
674027487840575489,anger
674031658593570816,anger
674075134278299649,anger
674618676646162432,anger
674622244669276160,anger
674625178752712704,anger
674726787113459712,anger
674728274329759744,anger
674979456633733120,anger
675115022327091200,anger
675388999285006336,anger
675488056330338304,anger
675491575770779648,anger
675503327787024390,anger
675509949284392960,anger
675520980320657408,anger
675532469278482436,anger
675534689650741248,anger
675780048687865856,anger
675782589215559680,anger
675787436270710785,anger
675819954621534208,anger
675896669393784832,anger
675901509859745792,anger
675930961750675456,anger
675932062659035136,anger
675956388498042880,anger
675982866598207488,anger
676158720691314688,anger
676180491704340480,anger
676207364719136768,anger
676232331833704449,anger
676276063488602112,anger
676443854640390145,anger
676513124049100801,anger
676565907741794305,anger
676666780635525121,anger
676672652107513856,anger
676672671313035264,anger
676718484743708672,anger
676731102220951553,anger
676742305395544065,anger
676751929171668992,anger
676790735551746048,anger
676953117397766146,anger
676956405967028225,anger
676959496254701570,anger
677020222184947712,anger
677021944173240320,anger
677237837897596928,anger
677390856354144256,anger
677542830613598208,anger
677605387269443585,anger
677666056861806597,anger
677821996659556352,anger
677827793917485056,anger
678219891728625664,anger
678239484706758656,anger
678244486905004032,anger
678311370593607681,anger
678313998568288256,anger
678324654961008640,anger
678324666335907840,anger
678398673701765120,anger
680509213391597568,anger
680510211946364928,anger
680510836834734080,anger
680512430695411712,anger
680515071093641216,anger
680625040937893888,anger
680675688479850496,anger
680854358314106885,anger
680854383664443392,anger
680864600095617024,anger
680869092555919360,anger
680871442402115584,anger
680965540853186560,anger
680991334203813888,anger
681560963892539392,anger
681566683589394432,anger
681575898835976197,anger
681575902917079040,anger
681575907077783552,anger
681575907077783552,anger
681646220251639808,anger
681698187787264002,anger
681807721239281664,anger
681820214707761152,anger
681996469931343872,anger
681997770874425344,anger
682000765905317890,anger
682002293084966913,anger
682008416387117056,anger
682009854706200576,anger
682251078595940352,anger
682367419545968640,anger
682368738843308032,anger
682369070147211264,anger
682588315124678656,anger
682675343136829440,anger
682709826552610817,anger
682711707651862528,anger
682754998455939072,anger
682966834631569408,anger
682967858549239809,anger
682969900139294721,anger
682969978300198912,anger
683036980423344128,anger
683045759118344192,anger
683286348858552320,anger
683286357041647617,anger
683287182711373824,anger
683289174066262017,anger
683292252089651200,anger
683292262688796672,anger
683296120445992960,anger
683299278203191296,anger
683306119578710017,anger
683312142527799297,anger
683312150157328385,anger
683316643871744000,anger
683337268711440384,anger
683337269403582465,anger
683353948997201920,anger
683398015407775744,anger
683400782209781761,anger
683447651753410562,anger
683650475091177472,anger
683670931974287360,anger
683727711249035264,anger
683741535565967360,anger
683757424474468352,anger
683760904383655936,anger
683765690764005377,anger
683776352852557824,anger
684057501646589952,anger
684096513723740161,anger
684108205782384640,anger
684171760279883776,anger
684497644379574272,anger
684498750493077505,anger
684499063593631744,anger
684516023899435010,anger
684522819842129922,anger
684522822631297024,anger
684522920165638144,anger
684522984221048834,anger
684559441858031616,anger
684561970721329152,anger
684561977369309184,anger
684824585104134145,anger
684851358047055873,anger
684896351822450693,anger
684909325169651713,anger
685139492605411328,anger
685201536323043330,anger
685251595370639360,anger
685253943870525441,anger
685448322509877249,anger
685449138192957440,anger
685449146153758720,anger
685449303490428928,anger
685524198442299392,anger
685567294328729602,anger
685567306118881281,anger
685568188315230208,anger
685572157942833152,anger
685577325078024192,anger
685632445425778688,anger
685832660367880192,anger
685964536776650753,anger
686017621360275457,anger
686233596550639617,anger
686295112004046848,anger
686297984271826944,anger
686303466000547840,anger
686303473801887744,anger
686420701742501888,anger
686595497746935808,anger
686623249812316160,anger
686649270104121344,anger
686650845560201216,anger
686710150573494272,anger
686711591715352576,anger
686714077624856576,anger
686804938165501953,anger
686995363128078336,anger
686995464831537152,anger
686997150086086656,anger
687012199030743041,anger
687099772604383232,anger
687354908706734080,anger
687385239241494529,anger
687385250989797376,anger
687387170718498817,anger
687387198048616448,anger
687387200711950337,anger
687387207779401729,anger
687387210228887553,anger
687387235411431424,anger
687406711217459200,anger
687724137503051777,anger
687745451488055296,anger
687852171526733825,anger
688068891294232576,anger
688447392325173249,anger
688488081306050560,anger
688517672619892737,anger
688517672619892737,anger
688810173700411392,anger
688816232494137346,anger
689117788225540100,anger
689122444511154177,anger
689129268077572096,anger
689130256293326849,anger
689132689761394690,anger
689166073657192448,anger
689309918021693440,anger
689337884365729792,anger
689596555893014529,anger
689949805196480514,anger
689949827623436288,anger
689949899148886017,anger
689949908187635712,anger
689949909466943488,anger
689950721622577152,anger
689950726412472320,anger
689950731995090944,anger
689950735191166980,anger
689950809547735046,anger
689952833391738880,anger
689955618191446016,anger
689955619240034304,anger
689955642061295622,anger
689955654790963200,anger
689958017236877312,anger
689958019958988801,anger
689958029341622273,anger
689958092952485888,anger
689958103496966144,anger
689962505888735232,anger
689962510565392384,anger
689965441452785665,anger
689965444111953921,anger
689968825589198848,anger
689968858438995968,anger
689968899987734530,anger
689971891021484032,anger
689975012221140992,anger
689975021134090240,anger
690234778801586176,anger
690593179058446336,anger
690665766631374848,anger
690677901017141248,anger
690679426875527169,anger
690734106301370368,anger
690824033256996864,anger
690824852429787136,anger
690825455012859905,anger
690827160458760193,anger
690830331289690112,anger
690831161443160064,anger
690838418117521408,anger
690859287309111296,anger
690877513640321024,anger
690883417047719936,anger
690884592174284800,anger
690953989815410688,anger
690986071006515200,anger
691345733702807552,anger
691359408169836544,anger
691725437391781888,anger
691726847491600384,anger
691744040220372993,anger
691746967647567876,anger
691748592088977408,anger
691749133170905088,anger
691750047931854848,anger
691750227037048833,anger
691752160036569088,anger
691755515517472769,anger
691760101351387136,anger
691762812524351490,anger
691771998637309953,anger
691799450902237184,anger
691809616997552131,anger
691840968480419841,anger
691845633238536192,anger
691848364640604163,anger
691861836019408897,anger
691932152691363841,anger
691944307801071616,anger
691955162001215489,anger
691966495455383552,anger
692074704258142208,anger
692076741137924101,anger
692121618936635392,anger
692137049479057408,anger
692139606712676353,anger
692139696906969090,anger
692564715915120641,anger
692565286915031041,anger
692565292304601088,anger
692568602835324930,anger
692569150636609536,anger
692574302894432256,anger
692574397446619136,anger
692574767510065152,anger
692577327629352960,anger
692706349323526144,anger
692709048261677056,anger
692709056855826432,anger
693039201277845504,anger
693039206201974785,anger
693039206453633024,anger
693040382356148224,anger
693040382419046402,anger
693040382838489088,anger
693042384058368000,anger
693042391876382725,anger
693050033738911744,anger
693055741201158144,anger
693055743746924544,anger
693055748604084224,anger
693061890772226048,anger
693067995355181058,anger
693110387399598080,anger
693182844911382528,anger
693215714174443520,anger
693222486499049472,anger
693229006104236036,anger
693265332350222336,anger
693526487484354560,anger
693526487484354560,anger
693529722026905600,anger
693540136072577024,anger
693558105481854976,anger
693587016240488448,anger
693815027669688320,anger
693819761726246912,anger
693822443778134017,anger
694144970123509760,anger
694213525766565889,anger
694746901560823809,anger
695702907509985280,anger
695992690182324224,anger
696037983795945474,anger
696073652610138112,anger
696082188882833412,anger
696086437578612737,anger
696116682272563200,anger
696171618813550593,anger
696407830723760128,anger
696576446064680960,anger
696696739290574848,anger
697170360597352452,anger
697183162854559744,anger
697198770438725632,anger
697262997140606976,anger
697518494259286017,anger
697743218478313472,anger
697828163053887488,anger
697832877510258690,anger
698112593085538304,anger
698231907771936770,anger
698246391748042752,anger
698701380467429376,anger
698758231980666881,anger
698866525399355392,anger
699211932973326337,anger
699251236109946880,anger
699720990826373120,anger
699888462237925376,anger
700415772686950400,anger
701066478733418496,anger
701443565147312129,anger
701479121952571392,anger
701784718157676544,anger
701809385765531648,anger
701812481996541955,anger
702330540859527169,anger
702510511397736448,anger
702551175883788288,anger
702559839923392513,anger
702568024038051841,anger
702628230352773120,anger
702764564065157120,anger
702839049673940992,anger
702841757785071616,anger
702846189352435713,anger
702855171689345024,anger
702857670773104641,anger
702860581284540416,anger
702878363950718978,anger
702878382195916800,anger
703024261909372928,anger
703035013764423680,anger
703037295750938624,anger
703041439492661249,anger
703041985087668224,anger
703250490671370240,anger
703278663454892032,anger
703289417306382338,anger
703294016494948352,anger
703310858198319105,anger
703317598499442689,anger
703320604573868032,anger
703325122900463616,anger
703338465631576064,anger
703339718977650688,anger
703340117029756928,anger
703340284042727424,anger
703340444709732352,anger
703345315026436096,anger
703345445851045889,anger
703345523701510145,anger
703347381023219712,anger
703349377197318145,anger
703349783457603586,anger
703351267419144192,anger
703352438045220864,anger
703353890830458880,anger
703354013673242628,anger
703357139130195969,anger
703362816741412864,anger
703362896089186305,anger
703362938564837376,anger
703382258464456706,anger
703400915324280832,anger
703453325073768448,anger
703500789004832768,anger
703500789776588800,anger
703500809850515456,anger
703512216209854464,anger
703512219204632577,anger
703522804671635456,anger
703522824892366848,anger
703535735849283585,anger
703571953530085378,anger
703605497803513856,anger
703608880601833472,anger
703609143572226050,anger
703611547759865857,anger
703614791991033857,anger
703618934818414599,anger
703622300466356226,anger
703669647237840896,anger
704404917981749249,anger
704761223737434112,anger
704864368199122945,anger
704901855961284609,anger
705076178017722369,anger
705078483983200256,anger
705430665282592768,anger
705534131006996481,anger
705756544093306881,anger
705858626443993089,anger
706061855740006400,anger
635493800748515329,disgust
635494398659162112,disgust
637554917008211968,disgust
637555442143465474,disgust
637555510665850880,disgust
637557830229200897,disgust
637557854107340800,disgust
639913938654756864,disgust
641210499737063425,disgust
641359164501983233,disgust
641730960044593152,disgust
643567799017693184,disgust
644486215375257600,disgust
644489318380142592,disgust
644975895082438656,disgust
644975927907094528,disgust
644976051660001280,disgust
645347212520615936,disgust
648562028768989184,disgust
648566194367127552,disgust
651110937391427585,disgust
651110939782180864,disgust
651505633922011136,disgust
651505690675126272,disgust
651506495058800640,disgust
651506502444916736,disgust
651509163617583104,disgust
651509315111657472,disgust
654391982584938496,disgust
654816817337098240,disgust
654816851717820417,disgust
654816852053397504,disgust
654819930248863744,disgust
655778832427929600,disgust
655780469884231681,disgust
657195204869562369,disgust
657197077689188352,disgust
657309997655793664,disgust
657311018452914176,disgust
658762904787922949,disgust
659214273990647808,disgust
659989557430132736,disgust
660893331468255232,disgust
660905354289676289,disgust
662366463370526721,disgust
662996358719217664,disgust
663003946525581312,disgust
663003947586727936,disgust
663249453143490560,disgust
664935270316396545,disgust
664943672392331264,disgust
664946398954192898,disgust
665515596596031489,disgust
665516382436610048,disgust
665655501842210816,disgust
665659731273453569,disgust
665663498131632128,disgust
666668697776427008,disgust
666959694062297088,disgust
667396995133399046,disgust
667840145857634304,disgust
667841172501590016,disgust
667842714604593153,disgust
667844322948210688,disgust
667852880632815616,disgust
667856862520467456,disgust
668167647947804672,disgust
668218432643596288,disgust
668220869932679169,disgust
668222428770934784,disgust
668224323870674944,disgust
668233632662855681,disgust
668233632662855681,disgust
668459336696537088,disgust
668459343776497664,disgust
668460116342136832,disgust
668461807758090241,disgust
668468685200343040,disgust
668471881239035904,disgust
668477327190441988,disgust
668478940852436993,disgust
668487394199527424,disgust
668492418128461825,disgust
668492422905769984,disgust
668505563026890753,disgust
669233945209405441,disgust
669496759849263104,disgust
673632190052331520,disgust
673752363438628864,disgust
673797203811545088,disgust
674313469190082561,disgust
674314482823397377,disgust
674618764969836544,disgust
674620996553449474,disgust
674622212314415104,disgust
674623930892685312,disgust
674633817186041856,disgust
674731497371402240,disgust
674734177795842048,disgust
675521575945375744,disgust
675539707367960576,disgust
675782599952977920,disgust
675931118034624512,disgust
676160387138613249,disgust
676552465978912768,disgust
676555456907755521,disgust
677023486225866752,disgust
677234687094444032,disgust
677542808996171776,disgust
678379697034633216,disgust
680489357896192001,disgust
680527866438762498,disgust
680852029825249282,disgust
680867792858529796,disgust
681562466715865089,disgust
681998022939557888,disgust
682593796970942464,disgust
682747538781396993,disgust
682988592180903936,disgust
683327207469625344,disgust
683388231497445378,disgust
683389917536358400,disgust
684060514834640896,disgust
684060522069753856,disgust
684165579712888832,disgust
684493780267962369,disgust
684494244191539200,disgust
684509108012187649,disgust
684529525657628672,disgust
684553966349357056,disgust
684559434157273088,disgust
684565535867179009,disgust
684896370055069697,disgust
684896496936955905,disgust
684896506214756352,disgust
684903424962498561,disgust
684916188426694656,disgust
685147872099184640,disgust
685489431114067968,disgust
685567282991509505,disgust
685568215263653890,disgust
686027652428345344,disgust
686224961825062913,disgust
686280878734094337,disgust
686303486930100225,disgust
686303486930100225,disgust
686345604214173696,disgust
686382048769093632,disgust
686422774030692352,disgust
686710122341646336,disgust
686768588036960256,disgust
686818152467066880,disgust
686993418870980608,disgust
686995322384609280,disgust
686995362180132865,disgust
686995463543910400,disgust
687004261750849538,disgust
687012198951055361,disgust
687066020473876482,disgust
687074841942454272,disgust
687094924555227143,disgust
687243430142066688,disgust
687288071738519552,disgust
687347809117409281,disgust
687347827752726530,disgust
687387201810919425,disgust
687407535675039745,disgust
687645133790146560,disgust
687646230617415681,disgust
687714061413400577,disgust
687714626449096704,disgust
688501595898773505,disgust
688897894045339648,disgust
689181739432980480,disgust
689314390433251333,disgust
689321975697829888,disgust
689949796690452480,disgust
689949810712055808,disgust
689949854425030657,disgust
689949893973143553,disgust
689950727502979077,disgust
689950741168066562,disgust
689950741461606400,disgust
689950757051895809,disgust
689950791524859904,disgust
689950815629484033,disgust
689952765976694784,disgust
689955624109613057,disgust
689955691575001092,disgust
689955709455306756,disgust
689957988099039232,disgust
689957989369905152,disgust
689958068810092544,disgust
689958073918738432,disgust
689958077928464385,disgust
689965460230643717,disgust
689968858568982533,disgust
689974987604807680,disgust
689975018151870464,disgust
689975025378705408,disgust
689975034790723584,disgust
689975053455380481,disgust
689980588430852097,disgust
690214310610599936,disgust
690230751665717248,disgust
690231456149454848,disgust
690231527578472456,disgust
690263147605803009,disgust
690280419426750468,disgust
690615707621531649,disgust
690720212954583040,disgust
690822957116055552,disgust
690831172184752128,disgust
691017156746698753,disgust
691024661233168386,disgust
691345716640366592,disgust
691388260732530688,disgust
691725456698183681,disgust
691725456698183681,disgust
691725483847725058,disgust
691731518008467456,disgust
691733906631032836,disgust
691747194236473344,disgust
691756507516518401,disgust
691763761774993408,disgust
691769043674599424,disgust
691844450071482369,disgust
691965627456720896,disgust
691985856723316737,disgust
692072307917979650,disgust
692072320702222336,disgust
692089304844148736,disgust
692089394782670849,disgust
692100949633077248,disgust
692107421926494211,disgust
692107466889379840,disgust
692113791513948160,disgust
692115597358931970,disgust
692135365419913217,disgust
692135997199499265,disgust
692137472554356737,disgust
692137534894272514,disgust
692489734959030272,disgust
693040384876814336,disgust
693042386805637120,disgust
693045635830943745,disgust
693055755247861760,disgust
693055757512744961,disgust
693075389522915328,disgust
693082463325782016,disgust
693298921804840961,disgust
693527866735198208,disgust
693832552742850565,disgust
693835320182317056,disgust
693848263934492672,disgust
693856818607591424,disgust
693903547138752514,disgust
694014454103564288,disgust
694075083409727488,disgust
696108250140377090,disgust
696138719045226496,disgust
696400354783707136,disgust
696423476006100992,disgust
696423501373247488,disgust
696570966089068545,disgust
696571037392183296,disgust
696572668607406080,disgust
696572700463144963,disgust
696573421828837376,disgust
696662574092414977,disgust
696686597098569729,disgust
696692496416505857,disgust
696722594389737472,disgust
697214685985247233,disgust
697766960952696832,disgust
698222399125327874,disgust
698231907134398464,disgust
698238659300995072,disgust
698264102880280577,disgust
698278676618723328,disgust
698754968954740736,disgust
698795375356993536,disgust
698799447870992384,disgust
699877535379824640,disgust
700409210253811713,disgust
700741519972687873,disgust
700742176775520256,disgust
700798755545731072,disgust
700919282931257344,disgust
700952197878652928,disgust
700955974341894144,disgust
700955974341894144,disgust
700997664012378112,disgust
701006734840692736,disgust
701006756005154816,disgust
701015292495994880,disgust
701027355339284480,disgust
701136474872401922,disgust
701158303355764736,disgust
701374768910622720,disgust
701378451966717952,disgust
701411776991248384,disgust
701443462739136514,disgust
701514447727288322,disgust
701783852218523651,disgust
701787521425022976,disgust
701792802208927744,disgust
701796595428409344,disgust
701796832494665729,disgust
701806860744134657,disgust
701811214351990788,disgust
701813862312583170,disgust
701816658931879936,disgust
701817155701104641,disgust
701826908405817344,disgust
701828273538539520,disgust
701880958388035584,disgust
701881929352744960,disgust
701885271013519360,disgust
701897287044374528,disgust
701931064663609344,disgust
701960596162535425,disgust
702322061243490306,disgust
702494184624803840,disgust
702499036151021568,disgust
702501710586056705,disgust
702537769898405889,disgust
702539428615553024,disgust
702553332452356097,disgust
702559987608981506,disgust
702827557817810944,disgust
702860594882453504,disgust
702873360888418304,disgust
702873474726027264,disgust
702894481947955200,disgust
702966690087378945,disgust
702974830107365376,disgust
702977585274359810,disgust
702979961376935937,disgust
702980023049973760,disgust
702981598568960000,disgust
702983407589007360,disgust
702992394250293248,disgust
702996572381040641,disgust
703006066032959490,disgust
703018657660674048,disgust
703020333394223104,disgust
703239465175797760,disgust
703240514888462336,disgust
703284153236717570,disgust
703307488003756032,disgust
703307560212951040,disgust
703338736868859904,disgust
703500799717076992,disgust
703522804864577536,disgust
703613288320520192,disgust
703687446454800384,disgust
703700489888735233,disgust
704486083254427648,disgust
704536560050511872,disgust
704855921651015681,disgust
705216174041264129,disgust
705548882852364289,disgust
705560493780500480,disgust
639086273462865920,joy
640270310147657728,joy
640680028993290240,joy
641033447083929600,joy
641729633151377408,joy
641730211814375424,joy
642123906422210560,joy
642125367046619137,joy
642663781483479041,joy
642665761626951680,joy
642667025916006402,joy
643397156456394755,joy
643425234708623360,joy
643564973713526784,joy
643765914626736128,joy
643800681975967744,joy
643801003356061697,joy
643802480627683333,joy
643802542502117377,joy
643804741005258758,joy
644975867785953280,joy
644975964099772417,joy
645395125938458624,joy
646097954835554304,joy
646097982257893376,joy
646098224537690112,joy
646098377285873664,joy
646098620094238720,joy
646098851749867520,joy
646100398328147968,joy
646324373511520256,joy
646324729805037568,joy
646325347626037249,joy
646326125870747648,joy
646327245984825345,joy
646435970766671872,joy
646454457866194944,joy
647662128598376449,joy
647662275449348096,joy
647662695399878656,joy
647669654324809728,joy
647856287439392768,joy
647856339625070592,joy
647856879809335296,joy
648049417715515392,joy
648055046182039552,joy
648502807801167872,joy
648820574794350592,joy
648824547064418304,joy
648826238425952257,joy
648832825941102592,joy
649166497751760897,joy
649167037730689024,joy
649167818508730368,joy
649171128758304769,joy
649820723960283136,joy
650227722455764992,joy
650227770455367680,joy
650227778470735872,joy
650228452927373312,joy
650233692321906688,joy
650233707425566721,joy
650925208057065472,joy
650925242416803840,joy
651736558475866112,joy
651736615753224196,joy
651736643842539520,joy
651736876760596480,joy
651739252087214080,joy
651763613733154816,joy
651764383257915392,joy
651765962656587776,joy
651918936020226049,joy
652805480344088576,joy
652805496332750848,joy
652805497180041216,joy
652806123427393540,joy
652806557252628480,joy
652806573547458560,joy
652807824792285188,joy
652807833235378177,joy
652809769980416000,joy
652809792478650368,joy
652813742384791552,joy
652813757681430528,joy
653313686153637888,joy
653342946939523072,joy
653527117674770433,joy
653529866411896832,joy
654626300280369152,joy
654626368412479488,joy
654626691222933504,joy
654626704309256193,joy
654804873041481729,joy
654819901039755267,joy
657204046936350720,joy
657565787138445312,joy
657565940582916096,joy
657571254099030016,joy
657580496960929794,joy
657584839089106944,joy
659030283811991552,joy
659034421996204032,joy
659037030089932801,joy
660280460447260672,joy
660280621865021440,joy
660296568508125184,joy
660937846316998657,joy
660941635673587712,joy
660941641696600065,joy
660942468112846848,joy
660942541840359424,joy
660947129603637248,joy
660949964613419008,joy
660950025825046530,joy
660952152458686464,joy
660954661747351552,joy
660971447020421120,joy
660972375127760896,joy
661280847492980736,joy
661280861132836864,joy
661602436092686336,joy
661617990476152832,joy
662186843899871232,joy
662187069222100992,joy
662187500774023168,joy
662187500774023168,joy
663005688478760961,joy
663007189125234688,joy
663007212483305473,joy
663010451911938048,joy
663010463295209472,joy
663494145663741952,joy
663494211740655616,joy
664464964976029696,joy
664464973863718912,joy
664476189071966209,joy
664478598817038336,joy
664478720296665088,joy
664485696766365697,joy
664492189930663936,joy
664950516640796672,joy
664950664544559104,joy
664951328947503105,joy
665647052488056833,joy
665650044528406530,joy
665651468662370304,joy
665656541329162240,joy
665659914510016512,joy
665660834589368321,joy
665662108193972229,joy
665662144298549248,joy
665662339270578176,joy
665664920084750336,joy
666660175495962624,joy
666666335095640064,joy
666683228376457219,joy
666687862268690432,joy
666923535600848896,joy
666926416206934016,joy
666937507213393920,joy
667084311955402752,joy
667100844131766272,joy
667102602300162048,joy
667115306331062273,joy
667443448413335554,joy
668167620991012864,joy
668174559544221696,joy
668187023715495937,joy
668220414246690816,joy
668221206617792512,joy
668221367733628929,joy
668222219269619717,joy
668224313670152192,joy
668224539877376002,joy
668225313063706624,joy
668228068377513985,joy
668520147737554944,joy
668955569395486720,joy
669236367390568449,joy
669332543687274496,joy
672080267348152320,joy
672080327544840193,joy
672080624279281665,joy
672080672295665664,joy
672084361240584193,joy
672091788962828288,joy
672093857157390336,joy
673677044027408384,joy
673730085413896192,joy
673730437878054912,joy
674012382218346498,joy
674173364928401409,joy
674355332974567424,joy
674404989150863360,joy
674415616204382208,joy
674618603044474880,joy
674622226864410624,joy
674726801806110720,joy
674730736746909697,joy
674760189535473664,joy
674776912343015425,joy
674785836005761024,joy
674971835272966144,joy
674972635319652353,joy
674977106015703040,joy
674977135774326785,joy
674977152765440000,joy
674982122730442752,joy
674993085726724096,joy
675023911638147072,joy
675034724864274433,joy
675034726017728512,joy
675035828767338496,joy
675112564657938432,joy
675396447345491968,joy
675695223822016512,joy
675770484114477056,joy
675780049627410432,joy
675782593929977856,joy
675784757695930368,joy
675810945046863872,joy
675851567933857792,joy
675882218049376256,joy
675889907106226177,joy
676158612381782021,joy
676245346553626624,joy
676500681075900416,joy
676543989621858304,joy
676543996987076609,joy
676549962805731330,joy
676550007034683392,joy
676560982580322304,joy
676565015982419968,joy
676565916080070656,joy
676662214523228160,joy
676662214607183872,joy
676662225428328448,joy
676664562138161152,joy
676672643085574144,joy
676693581705400320,joy
676709837909037057,joy
676738307045330945,joy
676791153572880384,joy
676791677017858049,joy
676886806365921281,joy
677019327221137410,joy
677022016449470464,joy
677046939444228096,joy
677169126016729088,joy
677350750914273280,joy
677416849676574720,joy
677426426799345664,joy
677426426799345664,joy
677433329344450564,joy
677439832231182336,joy
677571985463996416,joy
677579701184000002,joy
677590003829051394,joy
677591745765515264,joy
677593754786729985,joy
677593764316192768,joy
677593805542043648,joy
677626406910717953,joy
677628625852723201,joy
677830804261728256,joy
677860759745990656,joy
677872124917211138,joy
677883804162265089,joy
677887153662132225,joy
677893405595275264,joy
677977715912372224,joy
677987354250973184,joy
678243800767176704,joy
678305726759063556,joy
678305802378190848,joy
678310997896142850,joy
678312153712037888,joy
678313867508871169,joy
678423558402482177,joy
680484099182600192,joy
680555792823652353,joy
680756369260150784,joy
680769671650480128,joy
680773767816187904,joy
680805299238866944,joy
680815284190625792,joy
680852006639132672,joy
680852007519961088,joy
680852008644034560,joy
680852034350911488,joy
680852042248761344,joy
680853158059364352,joy
680854386554351617,joy
680855638973526016,joy
680855643490807808,joy
680861530146095107,joy
680861530783657985,joy
680864578243293184,joy
680870788841496576,joy
680965268282159104,joy
681497323298533376,joy
681511344080863232,joy
681524103921152000,joy
681537101654011904,joy
681572330443767808,joy
681572333895684096,joy
681613285091835909,joy
681635990386139137,joy
681652293595443201,joy
681654951261671425,joy
681657333513097216,joy
681670141973819392,joy
681688550140702720,joy
681847031061680128,joy
681876921999855617,joy
681893174009294848,joy
681987672483696640,joy
682195045957677056,joy
682205475522351104,joy
682207419682938880,joy
682237643724316672,joy
682254924273553408,joy
682563110285225984,joy
682564600072671232,joy
682564648529428480,joy
682580115340017665,joy
682585612831055874,joy
682585635463401472,joy
682588299567968256,joy
682692396778389504,joy
682692977890734080,joy
682898604722405376,joy
682898696082702336,joy
682988450484744193,joy
682991002492223488,joy
683001322858217473,joy
683023157402439680,joy
683023511695261696,joy
683032055429632002,joy
683036999905886208,joy
683064482634051584,joy
683073827958468608,joy
683092532855738369,joy
683100650524258304,joy
683287182723907585,joy
683289179242033156,joy
683296120748011521,joy
683306129225547776,joy
683312148857110528,joy
683324275219152896,joy
683349555530838016,joy
683385928635801600,joy
683385956435668992,joy
683386724047831040,joy
683393082415575041,joy
683415863916126210,joy
683422719015272448,joy
683423818052849664,joy
683425672136634369,joy
683462909637324800,joy
683655059922530304,joy
683681575096193024,joy
683696765162405888,joy
683700986700021761,joy
683716870147567616,joy
683745749767720960,joy
683760882992705537,joy
683765704512913409,joy
683809674332880896,joy
683819091665248257,joy
683819369768611840,joy
683819935840251904,joy
683822581275832321,joy
683832715054047232,joy
684165581952651265,joy
684203379380359168,joy
684397745554219008,joy
684404734913036289,joy
684414942242553856,joy
684414942242553856,joy
684417762597433344,joy
684437612623458304,joy
684441401652817921,joy
684450943895781377,joy
684453123147063297,joy
684457359620575232,joy
684744230162542592,joy
684850219436142592,joy
684850249194672128,joy
684858396114325506,joy
684860077333975043,joy
684866228939288577,joy
684871666795692036,joy
684892997658537984,joy
685147910166712321,joy
685173879875198976,joy
685523016390979584,joy
685524187490971652,joy
685524217484455936,joy
685540820150317060,joy
685559529464029184,joy
685570055346597888,joy
685895795502100483,joy
685926550299086848,joy
685930671072800768,joy
685938160170319872,joy
685940664153051137,joy
685940727038242816,joy
685940796449796104,joy
685943047302049792,joy
685944925477679104,joy
685956016475865088,joy
685964539544907776,joy
685995717299671044,joy
686190533061046272,joy
686224956150165504,joy
686224976295362560,joy
686227289869291520,joy
686233461993111552,joy
686307003250163713,joy
686424752337121281,joy
686438601102618624,joy
686585646027255808,joy
686601875471347712,joy
686633507720921090,joy
686653205778935810,joy
686665346120585218,joy
686666200970072064,joy
686666817507569665,joy
686667021866631168,joy
686667500558381056,joy
686668071663185923,joy
686672525246492672,joy
686756638859096065,joy
686856684220846081,joy
686977934201090048,joy
686993359408345088,joy
687000565977501696,joy
687015210780127232,joy
687041359891578880,joy
687046451357155328,joy
687065615211827201,joy
687102385186062337,joy
687346574851223553,joy
687356701838852096,joy
687366100565245953,joy
687387185637683201,joy
687391705713258496,joy
687408139021451264,joy
687411371869364226,joy
687432200543965184,joy
687450135010254848,joy
687457923736440832,joy
687462717742014465,joy
687684839038971904,joy
687694246053298176,joy
688059523723096065,joy
688059549467701248,joy
688059563543760897,joy
688061040928636928,joy
688061047840837632,joy
688062823096782848,joy
688068884558131200,joy
688068884834967552,joy
688068885896118273,joy
688072474127380484,joy
688072477960998912,joy
688072478070026241,joy
688072488488726529,joy
688072491735093249,joy
688077145650892800,joy
688077153980780544,joy
688077154551205888,joy
688077163162152960,joy
688081599137710081,joy
688086931524186114,joy
688091761999241218,joy
688104802794917888,joy
688195528048259076,joy
688197956239888385,joy
688460532530212864,joy
688467590587502592,joy
688467618546716672,joy
688520355179286528,joy
688541411113889792,joy
688550943965720576,joy
688730167666159616,joy
688730784275001344,joy
688731157320568832,joy
688731738932142082,joy
688731984919719936,joy
688732990034317312,joy
688733207018237953,joy
688735372591894529,joy
688735730420596737,joy
688735908229722112,joy
688735970842292224,joy
688738252459761664,joy
688738253474770945,joy
688746324099989505,joy
688746335160373249,joy
688758505323524101,joy
688758695182880768,joy
688760046885453824,joy
688763604489887744,joy
688781107911876608,joy
688781107911876608,joy
688782828105011200,joy
688787026477510656,joy
688792218308636672,joy
688792826361020416,joy
688794049726296064,joy
688794208933703681,joy
688794285613944834,joy
688796863559024640,joy
688810230805843970,joy
688831357062115328,joy
688837010660917249,joy
688865831971860481,joy
688871593293000704,joy
688891481139064832,joy
688909706413387777,joy
689143924099837952,joy
689144418037817344,joy
689199709471305728,joy
689411005403688960,joy
689416128452407296,joy
689430682439839744,joy
689431837500813312,joy
689514385715433472,joy
689553293777960961,joy
689564574291496961,joy
689585520683409408,joy
689593951091826688,joy
689628845432033281,joy
689630035859394560,joy
689632888778854400,joy
689634858855993348,joy
689643605196152832,joy
689813784458891264,joy
689917320555270144,joy
689939982941822977,joy
689961145952813056,joy
689995213075521538,joy
690214387370594305,joy
690232667359567877,joy
690240634901389316,joy
690251161480347649,joy
690320873937584128,joy
690322793603436544,joy
690326048936988673,joy
690328772114038784,joy
690350265086640129,joy
690911208900292608,joy
690917262728024064,joy
690917267320803329,joy
690917270302887937,joy
690927609518100480,joy
690933032476393473,joy
690937670843961348,joy
690953416126906368,joy
690959742013968385,joy
690981610343251968,joy
690988086805798914,joy
690995464469102598,joy
690997224495566848,joy
690997961032110080,joy
690998306927984640,joy
691012548506849281,joy
691035285472350208,joy
691035567346200576,joy
691035648958943233,joy
691043328763285505,joy
691052554113908736,joy
691238989702021120,joy
691250780922318849,joy
691266051301056512,joy
691266682044731393,joy
691268482424557568,joy
691279833230360576,joy
691286430111371264,joy
691291740813291520,joy
691303765203423233,joy
691713227542106112,joy
691721521467912196,joy
691726076918104064,joy
691735414881660929,joy
691736880803500032,joy
691791479564562432,joy
691855192954900480,joy
691871173190221825,joy
691899859473977344,joy
691967015532249089,joy
692076721693179905,joy
692081745240444932,joy
692094070966083589,joy
692100735505408000,joy
692151970308702208,joy
692156865959088128,joy
692160777231425536,joy
692175819007987713,joy
692457015067578368,joy
692457071145570304,joy
692460683842158592,joy
692520697013354498,joy
692547377543168000,joy
692548621670154240,joy
692561681818501120,joy
692567789081595904,joy
692579473225617408,joy
692776350483095552,joy
692814175383367680,joy
692834258017095680,joy
693055747618377728,joy
693133422701776896,joy
693153296467521536,joy
693181270663303168,joy
693297581175246848,joy
693735521927962624,joy
693740620075155456,joy
693752413833072640,joy
693903542344650753,joy
693983298197020673,joy
694047532054417409,joy
698231903825088512,joy
698272514561146881,joy
698337387789815808,joy
703617243029118976,joy
703709322568712193,joy
703710373514485763,joy
705844765288431616,joy
706205383128453120,joy
706230647329824768,joy
632655103376273408,sad
632966324382101504,sad
639183268449923072,sad
639844605983199232,sad
639844762065874944,sad
639845905030516737,sad
639845919156908032,sad
639938620996976641,sad
642126675212300289,sad
642420820292300800,sad
642420822095695873,sad
642420824008343552,sad
642422205960208385,sad
642422211010105344,sad
642422213086347264,sad
642488635443404800,sad
643574979821342721,sad
643575361263919104,sad
645234998073671681,sad
645234998497271808,sad
645235002746142721,sad
645235005568868352,sad
645235012896337921,sad
645235209500143616,sad
645235213002387456,sad
645235231574781953,sad
645235232094859265,sad
645235252667875328,sad
645238839917723657,sad
645347197538557952,sad
645395453912051712,sad
649167006839603201,sad
649167090956369920,sad
649820801991098368,sad
650227718961934336,sad
650599244299116544,sad
652807831897403392,sad
652813714492682240,sad
653528150769598464,sad
653529894727585792,sad
654816828150050816,sad
656099724492197888,sad
657192107015323649,sad
657204233859674112,sad
657565738144780288,sad
657580671532158977,sad
658760949252366336,sad
658760952674938881,sad
658760965383680000,sad
658761591484215301,sad
658762884848087040,sad
658762905907687424,sad
658766493400891392,sad
658766574979977216,sad
658772663062675456,sad
660327832103559168,sad
660328589661868032,sad
660328704846012417,sad
660891652266008577,sad
660892210297221120,sad
660892216634642432,sad
660893005776187392,sad
660901398855335937,sad
660926793218711552,sad
661183383784026112,sad
661792439456370688,sad
661792516992335872,sad
661792602728042496,sad
662187982221365248,sad
662190393904242689,sad
662266728982913028,sad
662266847266529280,sad
662269810668150785,sad
662271070498660352,sad
662366502163767300,sad
662366678832009216,sad
662367260946898944,sad
663493895158919168,sad
663676049625128960,sad
663678706137829376,sad
663678959528321025,sad
663679469211750400,sad
663680052203290624,sad
663680052203290624,sad
663680192276221952,sad
663682447180177409,sad
663684958540705792,sad
663685672541229056,sad
663688125869391872,sad
663689664914710528,sad
664936616696406016,sad
664939291185971200,sad
664946441358598144,sad
665515599754346497,sad
665516386857431040,sad
665516387557842944,sad
665518265284866048,sad
665666034456780800,sad
666042257825521670,sad
666660173860204546,sad
666660860610412544,sad
666662357763022848,sad
666666321162182657,sad
666668696614604800,sad
666671860617187328,sad
666679261584089089,sad
666687859542372352,sad
666924351757950976,sad
666938631634952193,sad
666938632796794884,sad
666938646021447680,sad
666938671489286144,sad
666939727849906177,sad
666951135677308928,sad
667385288054976512,sad
667386166598090752,sad
667387927178166272,sad
667391442101268480,sad
667787783960985600,sad
667841131074424832,sad
669490851471597568,sad
673630279991484416,sad
673634610308362241,sad
673636053820055552,sad
673636724380184576,sad
673638854994370561,sad
673639972549877761,sad
673639986701475840,sad
673675189000003589,sad
673711025087078400,sad
673718309360115712,sad
673793092420575232,sad
673796279324024833,sad
673820250236940288,sad
673999430266331137,sad
674728780104007680,sad
674734158187511808,sad
674763079314513922,sad
674769284954984448,sad
674769422293319681,sad
674786241821458435,sad
674793459115520000,sad
674798278475718656,sad
675030225999261696,sad
675466576032870400,sad
675473506730123265,sad
675708579547127808,sad
675708589902864384,sad
675746498810875905,sad
675775373569859585,sad
675780843131006981,sad
675889973544005632,sad
676275987215212544,sad
676293276903829504,sad
676293279017738240,sad
676301127869157376,sad
676425867900383233,sad
676436916213035008,sad
676500713858580480,sad
676751098137452544,sad
676885480391188482,sad
676960051949666306,sad
677167157684359169,sad
677336173900079104,sad
677336208217870338,sad
677339057689640960,sad
677421861857329152,sad
677421861857329152,sad
677621058623664129,sad
677621066257309696,sad
677621098951897090,sad
677626415739756553,sad
677628733923180545,sad
677638760943779842,sad
677701104059158528,sad
678007699485913088,sad
678328534838939652,sad
680508591200186368,sad
680509361429606400,sad
680509678393126913,sad
680510250819141632,sad
680514792323428352,sad
680705366213177344,sad
680805297481478144,sad
680855637752987649,sad
680866537801146372,sad
680891854892695552,sad
680986215739461632,sad
681019381359493120,sad
681021755943718912,sad
681559630259027968,sad
681569376995270656,sad
681634770300833792,sad
681638382821339137,sad
681691820959608832,sad
682265551121551360,sad
682702269696053248,sad
682916499753938944,sad
683287179418824705,sad
683345588277088256,sad
683437835119104002,sad
683447580437655553,sad
683650483177799681,sad
683650516287623168,sad
683655865388392448,sad
683672496869105664,sad
683675292251074560,sad
683676373735575552,sad
684465082856779776,sad
684481513963020289,sad
684482161303535622,sad
684482204609687552,sad
684483030602412032,sad
684485289193025536,sad
684485880271253505,sad
684486867258093568,sad
684489704276946944,sad
684513489415761920,sad
684522737138806784,sad
684522884912541696,sad
684539664255074305,sad
684780967039512578,sad
684781080579325958,sad
684781796555358210,sad
684781886691012608,sad
684793011415465984,sad
684795125294317568,sad
684829484785217536,sad
684891791586390016,sad
684918812592979969,sad
685190673432182784,sad
685195737509040129,sad
685212234478391296,sad
685448255069634560,sad
685485036884332544,sad
685486786991255552,sad
685487752385835008,sad
685490208352133120,sad
685491178876329984,sad
685493588332003328,sad
685496316915486722,sad
685505426281119744,sad
685832662985117696,sad
685836111059529728,sad
685893364240257025,sad
685926555671986176,sad
685971512009031680,sad
685973279631360001,sad
685981562823938048,sad
686017073005367296,sad
686019685477920770,sad
686019685477920770,sad
686323325015076864,sad
686476236001009664,sad
686639095171387393,sad
686655172391649280,sad
686657429996584960,sad
686659812780802048,sad
686660206886043648,sad
686711668383039488,sad
686714114429861890,sad
686717860232704003,sad
686729576253403138,sad
686773246738432005,sad
686777055363620866,sad
686868450178940928,sad
686875020560338946,sad
686993448608608258,sad
687046474211934208,sad
687068076991463425,sad
687082721064034304,sad
687243397711675392,sad
687244315437961216,sad
687244359222308864,sad
687252305738117120,sad
687261831367389184,sad
687316902419509248,sad
687343153746198528,sad
687646371655073792,sad
687660875415707652,sad
687681626676006912,sad
687713161286422532,sad
688072492062240768,sad
688158674771034112,sad
688160977271930882,sad
688170141008265218,sad
688174616414523392,sad
688178322874843136,sad
688181684970242049,sad
688181693895716868,sad
688182877800927238,sad
688186600698687488,sad
688195759326367744,sad
688206376435187713,sad
688374807092670465,sad
688460537433317380,sad
688467605808648192,sad
688467610757918720,sad
688478963446972416,sad
688504150569709568,sad
688540860238196736,sad
689114974699016193,sad
689116998312312833,sad
689117994719531008,sad
689120510924451841,sad
689121437660098560,sad
689122396046004224,sad
689128068108144640,sad
689128199704330240,sad
689131280777261056,sad
689131346296475648,sad
689134231298113537,sad
689136603923656704,sad
689139852911206400,sad
689166667222519808,sad
689172161874018305,sad
689177618416046080,sad
689181707543646208,sad
689318654983417856,sad
689322735315628032,sad
689330833916866560,sad
689345375686230017,sad
689378273575374848,sad
689398648786984961,sad
689402313832660992,sad
689927050170335232,sad
689949845646381056,sad
689955673631780864,sad
689962610184343552,sad
689971833907585024,sad
689971895253536769,sad
689974999915106304,sad
689980404233846784,sad
690200951836315648,sad
690200982865715200,sad
690200982865715200,sad
690281755698425860,sad
690282489743577088,sad
690283096541896704,sad
690284221164830720,sad
690287673119019008,sad
690297441128681472,sad
690298396419178500,sad
690593392779141120,sad
690615730178490368,sad
690654673867522048,sad
690656254864265216,sad
690656286787112964,sad
690656336758046720,sad
690656455591096324,sad
690679849665613824,sad
690687485958078464,sad
690729899972300801,sad
690748646145576960,sad
690768647149768704,sad
690982219758829568,sad
691485540290543620,sad
691930077865611264,sad
691977631571513344,sad
691995798893170690,sad
692107375109672961,sad
692264533495259137,sad
692265679337197568,sad
692458210209456129,sad
692460612744511488,sad
692472204131483648,sad
692925432644108289,sad
692928401192194049,sad
692929196700602370,sad
692948274303635456,sad
692989784642473985,sad
693018869053706240,sad
693039198891184128,sad
693039201235902464,sad
693039206390710272,sad
693040380015673348,sad
693040380112158721,sad
693045644261486592,sad
693061889664901120,sad
693091099410305026,sad
693204228068618240,sad
693307748558204928,sad
693535739112480774,sad
693551746153631745,sad
693558015442731008,sad
693568893416259586,sad
693573408127389696,sad
693599415039332352,sad
693837668803858432,sad
693860461733924866,sad
693879175288078336,sad
693904223063375873,sad
694062710863073280,sad
694073886699294722,sad
694075121124970496,sad
694100340682153984,sad
694208631537946624,sad
695300277239472128,sad
697071935734341632,sad
697086943667101696,sad
699300190029770752,sad
699314897809731584,sad
699524343924158464,sad
699660444521340928,sad
700017399324676100,sad
702615801837264898,sad
703311544030011395,sad
703313840935727104,sad
703393887847641088,sad
703453346980634624,sad
703487119436738561,sad
703500806708924416,sad
703669647611142145,sad
704674040573730816,sad
704830925071388673,sad
704985175361462272,sad
705110584212250625,sad
707407881113616384,sad
708602739664752640,sad
